{"branches": 22.727272727272727, "coverage": 42.99941417691857}