{"branches": 20.689655172413794, "coverage": 37.95918367346939}