{"branches": 6.896551724137931, "coverage": 32.89795918367347}