{"branches": 22.727272727272727, "coverage": 42.78846153846153}